,i,Left Branch,Right Branch,Entropy
0,1,['Blue Collar'],"['Clerical', 'Doctor', 'Home Maker', 'Lawyer', 'Manager', 'Professional', 'Student', 'Unknown']",0.8197871867143817
0,1,['Unknown'],"['Blue Collar', 'Clerical', 'Doctor', 'Home Maker', 'Lawyer', 'Manager', 'Professional', 'Student']",0.8873520618933161
0,1,['Manager'],"['Blue Collar', 'Clerical', 'Doctor', 'Home Maker', 'Lawyer', 'Professional', 'Student', 'Unknown']",0.9428806736793743
0,1,['Lawyer'],"['Blue Collar', 'Clerical', 'Doctor', 'Home Maker', 'Manager', 'Professional', 'Student', 'Unknown']",0.8782023062380612
0,1,['Student'],"['Blue Collar', 'Clerical', 'Doctor', 'Home Maker', 'Lawyer', 'Manager', 'Professional', 'Unknown']",0.9450312757583309
0,1,['Home Maker'],"['Blue Collar', 'Clerical', 'Doctor', 'Lawyer', 'Manager', 'Professional', 'Student', 'Unknown']",0.9188989260140228
0,1,['Clerical'],"['Blue Collar', 'Doctor', 'Home Maker', 'Lawyer', 'Manager', 'Professional', 'Student', 'Unknown']",0.9248110379406366
0,1,['Professional'],"['Blue Collar', 'Clerical', 'Doctor', 'Home Maker', 'Lawyer', 'Manager', 'Student', 'Unknown']",0.9439129504706837
0,1,['Doctor'],"['Blue Collar', 'Clerical', 'Home Maker', 'Lawyer', 'Manager', 'Professional', 'Student', 'Unknown']",0.9285707586223271
0,2,"['Blue Collar', 'Unknown']","['Clerical', 'Doctor', 'Home Maker', 'Lawyer', 'Manager', 'Professional', 'Student']",0.7288813824130107
0,2,"['Blue Collar', 'Manager']","['Clerical', 'Doctor', 'Home Maker', 'Lawyer', 'Professional', 'Student', 'Unknown']",0.8798693979281667
0,2,"['Blue Collar', 'Lawyer']","['Clerical', 'Doctor', 'Home Maker', 'Manager', 'Professional', 'Student', 'Unknown']",0.9159202644039987
0,2,"['Blue Collar', 'Student']","['Clerical', 'Doctor', 'Home Maker', 'Lawyer', 'Manager', 'Professional', 'Unknown']",0.8170807676546282
0,2,"['Blue Collar', 'Home Maker']","['Clerical', 'Doctor', 'Lawyer', 'Manager', 'Professional', 'Student', 'Unknown']",0.8948136719666308
0,2,"['Blue Collar', 'Clerical']","['Doctor', 'Home Maker', 'Lawyer', 'Manager', 'Professional', 'Student', 'Unknown']",0.9093219770023472
0,2,"['Blue Collar', 'Professional']","['Clerical', 'Doctor', 'Home Maker', 'Lawyer', 'Manager', 'Student', 'Unknown']",0.8801776485381198
0,2,"['Blue Collar', 'Doctor']","['Clerical', 'Home Maker', 'Lawyer', 'Manager', 'Professional', 'Student', 'Unknown']",0.8601749392735226
0,2,"['Manager', 'Unknown']","['Blue Collar', 'Clerical', 'Doctor', 'Home Maker', 'Lawyer', 'Professional', 'Student']",0.9406704435922825
0,2,"['Lawyer', 'Unknown']","['Blue Collar', 'Clerical', 'Doctor', 'Home Maker', 'Manager', 'Professional', 'Student']",0.9488988860836446
0,2,"['Student', 'Unknown']","['Blue Collar', 'Clerical', 'Doctor', 'Home Maker', 'Lawyer', 'Manager', 'Professional']",0.9025323643258505
0,2,"['Home Maker', 'Unknown']","['Blue Collar', 'Clerical', 'Doctor', 'Lawyer', 'Manager', 'Professional', 'Student']",0.9463297906477866
0,2,"['Clerical', 'Unknown']","['Blue Collar', 'Doctor', 'Home Maker', 'Lawyer', 'Manager', 'Professional', 'Student']",0.9486871142223725
0,2,"['Professional', 'Unknown']","['Blue Collar', 'Clerical', 'Doctor', 'Home Maker', 'Lawyer', 'Manager', 'Student']",0.9407787778907631
0,2,"['Doctor', 'Unknown']","['Blue Collar', 'Clerical', 'Home Maker', 'Lawyer', 'Manager', 'Professional', 'Student']",0.9300972790630015
0,2,"['Lawyer', 'Manager']","['Blue Collar', 'Clerical', 'Doctor', 'Home Maker', 'Professional', 'Student', 'Unknown']",0.8966026962834667
0,2,"['Manager', 'Student']","['Blue Collar', 'Clerical', 'Doctor', 'Home Maker', 'Lawyer', 'Professional', 'Unknown']",0.9487201591528182
0,2,"['Home Maker', 'Manager']","['Blue Collar', 'Clerical', 'Doctor', 'Lawyer', 'Professional', 'Student', 'Unknown']",0.9183688409591548
0,2,"['Clerical', 'Manager']","['Blue Collar', 'Doctor', 'Home Maker', 'Lawyer', 'Professional', 'Student', 'Unknown']",0.9162982016942801
0,2,"['Manager', 'Professional']","['Blue Collar', 'Clerical', 'Doctor', 'Home Maker', 'Lawyer', 'Student', 'Unknown']",0.9360286500390741
0,2,"['Doctor', 'Manager']","['Blue Collar', 'Clerical', 'Home Maker', 'Lawyer', 'Professional', 'Student', 'Unknown']",0.9323396208389003
0,2,"['Lawyer', 'Student']","['Blue Collar', 'Clerical', 'Doctor', 'Home Maker', 'Manager', 'Professional', 'Unknown']",0.9338075438685968
0,2,"['Home Maker', 'Lawyer']","['Blue Collar', 'Clerical', 'Doctor', 'Manager', 'Professional', 'Student', 'Unknown']",0.8478139856158053
0,2,"['Clerical', 'Lawyer']","['Blue Collar', 'Doctor', 'Home Maker', 'Manager', 'Professional', 'Student', 'Unknown']",0.8641728604068012
0,2,"['Lawyer', 'Professional']","['Blue Collar', 'Clerical', 'Doctor', 'Home Maker', 'Manager', 'Student', 'Unknown']",0.9008573819650774
0,2,"['Doctor', 'Lawyer']","['Blue Collar', 'Clerical', 'Home Maker', 'Manager', 'Professional', 'Student', 'Unknown']",0.8547158657524186
0,2,"['Home Maker', 'Student']","['Blue Collar', 'Clerical', 'Doctor', 'Lawyer', 'Manager', 'Professional', 'Unknown']",0.9446342114591101
0,2,"['Clerical', 'Student']","['Blue Collar', 'Doctor', 'Home Maker', 'Lawyer', 'Manager', 'Professional', 'Unknown']",0.9419659164979097
0,2,"['Professional', 'Student']","['Blue Collar', 'Clerical', 'Doctor', 'Home Maker', 'Lawyer', 'Manager', 'Unknown']",0.9487986451490604
0,2,"['Doctor', 'Student']","['Blue Collar', 'Clerical', 'Home Maker', 'Lawyer', 'Manager', 'Professional', 'Unknown']",0.9489832368663098
0,2,"['Clerical', 'Home Maker']","['Blue Collar', 'Doctor', 'Lawyer', 'Manager', 'Professional', 'Student', 'Unknown']",0.8917594251446846
0,2,"['Home Maker', 'Professional']","['Blue Collar', 'Clerical', 'Doctor', 'Lawyer', 'Manager', 'Student', 'Unknown']",0.9211041524442775
0,2,"['Doctor', 'Home Maker']","['Blue Collar', 'Clerical', 'Lawyer', 'Manager', 'Professional', 'Student', 'Unknown']",0.8992650917148176
0,2,"['Clerical', 'Professional']","['Blue Collar', 'Doctor', 'Home Maker', 'Lawyer', 'Manager', 'Student', 'Unknown']",0.9182985574559631
0,2,"['Clerical', 'Doctor']","['Blue Collar', 'Home Maker', 'Lawyer', 'Manager', 'Professional', 'Student', 'Unknown']",0.9091038355303922
0,2,"['Doctor', 'Professional']","['Blue Collar', 'Clerical', 'Home Maker', 'Lawyer', 'Manager', 'Student', 'Unknown']",0.934415035429515
0,3,"['Blue Collar', 'Manager', 'Unknown']","['Clerical', 'Doctor', 'Home Maker', 'Lawyer', 'Professional', 'Student']",0.8027401930720651
0,3,"['Blue Collar', 'Lawyer', 'Unknown']","['Clerical', 'Doctor', 'Home Maker', 'Manager', 'Professional', 'Student']",0.858386895366982
0,3,"['Blue Collar', 'Student', 'Unknown']","['Clerical', 'Doctor', 'Home Maker', 'Lawyer', 'Manager', 'Professional']",0.7184955941364275
0,3,"['Blue Collar', 'Home Maker', 'Unknown']","['Clerical', 'Doctor', 'Lawyer', 'Manager', 'Professional', 'Student']",0.8261591529408906
0,3,"['Blue Collar', 'Clerical', 'Unknown']","['Doctor', 'Home Maker', 'Lawyer', 'Manager', 'Professional', 'Student']",0.8463606283542177
0,3,"['Blue Collar', 'Professional', 'Unknown']","['Clerical', 'Doctor', 'Home Maker', 'Lawyer', 'Manager', 'Student']",0.8023086146198041
0,3,"['Blue Collar', 'Doctor', 'Unknown']","['Clerical', 'Home Maker', 'Lawyer', 'Manager', 'Professional', 'Student']",0.7792070320652116
0,3,"['Blue Collar', 'Lawyer', 'Manager']","['Clerical', 'Doctor', 'Home Maker', 'Professional', 'Student', 'Unknown']",0.934099901723388
0,3,"['Blue Collar', 'Manager', 'Student']","['Clerical', 'Doctor', 'Home Maker', 'Lawyer', 'Professional', 'Unknown']",0.8641559705244111
0,3,"['Blue Collar', 'Home Maker', 'Manager']","['Clerical', 'Doctor', 'Lawyer', 'Professional', 'Student', 'Unknown']",0.920848824492576
0,3,"['Blue Collar', 'Clerical', 'Manager']","['Doctor', 'Home Maker', 'Lawyer', 'Professional', 'Student', 'Unknown']",0.9281726531803973
0,3,"['Blue Collar', 'Manager', 'Professional']","['Clerical', 'Doctor', 'Home Maker', 'Lawyer', 'Student', 'Unknown']",0.9074148369104238
0,3,"['Blue Collar', 'Doctor', 'Manager']","['Clerical', 'Home Maker', 'Lawyer', 'Professional', 'Student', 'Unknown']",0.9014546755992092
0,3,"['Blue Collar', 'Lawyer', 'Student']","['Clerical', 'Doctor', 'Home Maker', 'Manager', 'Professional', 'Unknown']",0.904610828553296
0,3,"['Blue Collar', 'Home Maker', 'Lawyer']","['Clerical', 'Doctor', 'Manager', 'Professional', 'Student', 'Unknown']",0.9413060032752577
0,3,"['Blue Collar', 'Clerical', 'Lawyer']","['Doctor', 'Home Maker', 'Manager', 'Professional', 'Student', 'Unknown']",0.9448826813192777
0,3,"['Blue Collar', 'Lawyer', 'Professional']","['Clerical', 'Doctor', 'Home Maker', 'Manager', 'Student', 'Unknown']",0.9337473472085458
0,3,"['Blue Collar', 'Doctor', 'Lawyer']","['Clerical', 'Home Maker', 'Manager', 'Professional', 'Student', 'Unknown']",0.9301082552959857
0,3,"['Blue Collar', 'Home Maker', 'Student']","['Clerical', 'Doctor', 'Lawyer', 'Manager', 'Professional', 'Unknown']",0.8824241535364942
0,3,"['Blue Collar', 'Clerical', 'Student']","['Doctor', 'Home Maker', 'Lawyer', 'Manager', 'Professional', 'Unknown']",0.8953617023769709
0,3,"['Blue Collar', 'Professional', 'Student']","['Clerical', 'Doctor', 'Home Maker', 'Lawyer', 'Manager', 'Unknown']",0.8634889587811558
0,3,"['Blue Collar', 'Doctor', 'Student']","['Clerical', 'Home Maker', 'Lawyer', 'Manager', 'Professional', 'Unknown']",0.8508900294307971
0,3,"['Blue Collar', 'Clerical', 'Home Maker']","['Doctor', 'Lawyer', 'Manager', 'Professional', 'Student', 'Unknown']",0.9370846942460213
0,3,"['Blue Collar', 'Home Maker', 'Professional']","['Clerical', 'Doctor', 'Lawyer', 'Manager', 'Student', 'Unknown']",0.9204529244896481
0,3,"['Blue Collar', 'Doctor', 'Home Maker']","['Clerical', 'Lawyer', 'Manager', 'Professional', 'Student', 'Unknown']",0.9143761995007659
0,3,"['Blue Collar', 'Clerical', 'Professional']","['Doctor', 'Home Maker', 'Lawyer', 'Manager', 'Student', 'Unknown']",0.927610882733279
0,3,"['Blue Collar', 'Clerical', 'Doctor']","['Home Maker', 'Lawyer', 'Manager', 'Professional', 'Student', 'Unknown']",0.9243757059939912
0,3,"['Blue Collar', 'Doctor', 'Professional']","['Clerical', 'Home Maker', 'Lawyer', 'Manager', 'Student', 'Unknown']",0.9013276147547389
0,3,"['Lawyer', 'Manager', 'Unknown']","['Blue Collar', 'Clerical', 'Doctor', 'Home Maker', 'Professional', 'Student']",0.9448974154991712
0,3,"['Manager', 'Student', 'Unknown']","['Blue Collar', 'Clerical', 'Doctor', 'Home Maker', 'Lawyer', 'Professional']",0.9345701652007384
0,3,"['Home Maker', 'Manager', 'Unknown']","['Blue Collar', 'Clerical', 'Doctor', 'Lawyer', 'Professional', 'Student']",0.9487936369727716
0,3,"['Clerical', 'Manager', 'Unknown']","['Blue Collar', 'Doctor', 'Home Maker', 'Lawyer', 'Professional', 'Student']",0.9476337750779519
0,3,"['Manager', 'Professional', 'Unknown']","['Blue Collar', 'Clerical', 'Doctor', 'Home Maker', 'Lawyer', 'Student']",0.9483567852705826
0,3,"['Doctor', 'Manager', 'Unknown']","['Blue Collar', 'Clerical', 'Home Maker', 'Lawyer', 'Professional', 'Student']",0.947438698665157
0,3,"['Lawyer', 'Student', 'Unknown']","['Blue Collar', 'Clerical', 'Doctor', 'Home Maker', 'Manager', 'Professional']",0.9479406062004715
0,3,"['Home Maker', 'Lawyer', 'Unknown']","['Blue Collar', 'Clerical', 'Doctor', 'Manager', 'Professional', 'Student']",0.937046262528254
0,3,"['Clerical', 'Lawyer', 'Unknown']","['Blue Collar', 'Doctor', 'Home Maker', 'Manager', 'Professional', 'Student']",0.933443770970027
0,3,"['Lawyer', 'Professional', 'Unknown']","['Blue Collar', 'Clerical', 'Doctor', 'Home Maker', 'Manager', 'Student']",0.9452652532260133
0,3,"['Doctor', 'Lawyer', 'Unknown']","['Blue Collar', 'Clerical', 'Home Maker', 'Manager', 'Professional', 'Student']",0.9454305394079608
0,3,"['Home Maker', 'Student', 'Unknown']","['Blue Collar', 'Clerical', 'Doctor', 'Lawyer', 'Manager', 'Professional']",0.9416871310368724
0,3,"['Clerical', 'Student', 'Unknown']","['Blue Collar', 'Doctor', 'Home Maker', 'Lawyer', 'Manager', 'Professional']",0.9459787894929149
0,3,"['Professional', 'Student', 'Unknown']","['Blue Collar', 'Clerical', 'Doctor', 'Home Maker', 'Lawyer', 'Manager']",0.9345857855327449
0,3,"['Doctor', 'Student', 'Unknown']","['Blue Collar', 'Clerical', 'Home Maker', 'Lawyer', 'Manager', 'Professional']",0.9261653573480072
0,3,"['Clerical', 'Home Maker', 'Unknown']","['Blue Collar', 'Doctor', 'Lawyer', 'Manager', 'Professional', 'Student']",0.9430686492900577
0,3,"['Home Maker', 'Professional', 'Unknown']","['Blue Collar', 'Clerical', 'Doctor', 'Lawyer', 'Manager', 'Student']",0.9488519807057196
0,3,"['Doctor', 'Home Maker', 'Unknown']","['Blue Collar', 'Clerical', 'Lawyer', 'Manager', 'Professional', 'Student']",0.948997280728895
0,3,"['Clerical', 'Professional', 'Unknown']","['Blue Collar', 'Doctor', 'Home Maker', 'Lawyer', 'Manager', 'Student']",0.9477915576567466
0,3,"['Clerical', 'Doctor', 'Unknown']","['Blue Collar', 'Home Maker', 'Lawyer', 'Manager', 'Professional', 'Student']",0.9482075455679518
0,3,"['Doctor', 'Professional', 'Unknown']","['Blue Collar', 'Clerical', 'Home Maker', 'Lawyer', 'Manager', 'Student']",0.9473548189291743
0,3,"['Lawyer', 'Manager', 'Student']","['Blue Collar', 'Clerical', 'Doctor', 'Home Maker', 'Professional', 'Unknown']",0.9239341967308881
0,3,"['Home Maker', 'Lawyer', 'Manager']","['Blue Collar', 'Clerical', 'Doctor', 'Professional', 'Student', 'Unknown']",0.8562250202016334
0,3,"['Clerical', 'Lawyer', 'Manager']","['Blue Collar', 'Doctor', 'Home Maker', 'Professional', 'Student', 'Unknown']",0.8546912488945403
0,3,"['Lawyer', 'Manager', 'Professional']","['Blue Collar', 'Clerical', 'Doctor', 'Home Maker', 'Student', 'Unknown']",0.8893521487907317
0,3,"['Doctor', 'Lawyer', 'Manager']","['Blue Collar', 'Clerical', 'Home Maker', 'Professional', 'Student', 'Unknown']",0.8771569603880178
0,3,"['Home Maker', 'Manager', 'Student']","['Blue Collar', 'Clerical', 'Doctor', 'Lawyer', 'Professional', 'Unknown']",0.9368483277566395
0,3,"['Clerical', 'Manager', 'Student']","['Blue Collar', 'Doctor', 'Home Maker', 'Lawyer', 'Professional', 'Unknown']",0.9328851250918417
0,3,"['Manager', 'Professional', 'Student']","['Blue Collar', 'Clerical', 'Doctor', 'Home Maker', 'Lawyer', 'Unknown']",0.944731590857911
0,3,"['Doctor', 'Manager', 'Student']","['Blue Collar', 'Clerical', 'Home Maker', 'Lawyer', 'Professional', 'Unknown']",0.9450797586257721
0,3,"['Clerical', 'Home Maker', 'Manager']","['Blue Collar', 'Doctor', 'Lawyer', 'Professional', 'Student', 'Unknown']",0.8810776162260907
0,3,"['Home Maker', 'Manager', 'Professional']","['Blue Collar', 'Clerical', 'Doctor', 'Lawyer', 'Student', 'Unknown']",0.9099156144935856
0,3,"['Doctor', 'Home Maker', 'Manager']","['Blue Collar', 'Clerical', 'Lawyer', 'Professional', 'Student', 'Unknown']",0.9022510140148947
0,3,"['Clerical', 'Manager', 'Professional']","['Blue Collar', 'Doctor', 'Home Maker', 'Lawyer', 'Student', 'Unknown']",0.9042069062177132
0,3,"['Clerical', 'Doctor', 'Manager']","['Blue Collar', 'Home Maker', 'Lawyer', 'Professional', 'Student', 'Unknown']",0.9005969130302526
0,3,"['Doctor', 'Manager', 'Professional']","['Blue Collar', 'Clerical', 'Home Maker', 'Lawyer', 'Student', 'Unknown']",0.9250337861390882
0,3,"['Home Maker', 'Lawyer', 'Student']","['Blue Collar', 'Clerical', 'Doctor', 'Manager', 'Professional', 'Unknown']",0.9053028041852258
0,3,"['Clerical', 'Lawyer', 'Student']","['Blue Collar', 'Doctor', 'Home Maker', 'Manager', 'Professional', 'Unknown']",0.9018892636602858
0,3,"['Lawyer', 'Professional', 'Student']","['Blue Collar', 'Clerical', 'Doctor', 'Home Maker', 'Manager', 'Unknown']",0.9252990215848648
0,3,"['Doctor', 'Lawyer', 'Student']","['Blue Collar', 'Clerical', 'Home Maker', 'Manager', 'Professional', 'Unknown']",0.9211809063748397
0,3,"['Clerical', 'Home Maker', 'Lawyer']","['Blue Collar', 'Doctor', 'Manager', 'Professional', 'Student', 'Unknown']",0.8173239033518108
0,3,"['Home Maker', 'Lawyer', 'Professional']","['Blue Collar', 'Clerical', 'Doctor', 'Manager', 'Student', 'Unknown']",0.8612563896455644
0,3,"['Doctor', 'Home Maker', 'Lawyer']","['Blue Collar', 'Clerical', 'Manager', 'Professional', 'Student', 'Unknown']",0.8229526811698655
0,3,"['Clerical', 'Lawyer', 'Professional']","['Blue Collar', 'Doctor', 'Home Maker', 'Manager', 'Student', 'Unknown']",0.8580885633323387
0,3,"['Clerical', 'Doctor', 'Lawyer']","['Blue Collar', 'Home Maker', 'Manager', 'Professional', 'Student', 'Unknown']",0.841150276410201
0,3,"['Doctor', 'Lawyer', 'Professional']","['Blue Collar', 'Clerical', 'Home Maker', 'Manager', 'Student', 'Unknown']",0.8821987377602464
0,3,"['Clerical', 'Home Maker', 'Student']","['Blue Collar', 'Doctor', 'Lawyer', 'Manager', 'Professional', 'Unknown']",0.9200560279443465
0,3,"['Home Maker', 'Professional', 'Student']","['Blue Collar', 'Clerical', 'Doctor', 'Lawyer', 'Manager', 'Unknown']",0.9376618077754345
0,3,"['Doctor', 'Home Maker', 'Student']","['Blue Collar', 'Clerical', 'Lawyer', 'Manager', 'Professional', 'Unknown']",0.9362475291603086
0,3,"['Clerical', 'Professional', 'Student']","['Blue Collar', 'Doctor', 'Home Maker', 'Lawyer', 'Manager', 'Unknown']",0.9336550098796558
0,3,"['Clerical', 'Doctor', 'Student']","['Blue Collar', 'Home Maker', 'Lawyer', 'Manager', 'Professional', 'Unknown']",0.933111294878246
0,3,"['Doctor', 'Professional', 'Student']","['Blue Collar', 'Clerical', 'Home Maker', 'Lawyer', 'Manager', 'Unknown']",0.9454945311863998
0,3,"['Clerical', 'Home Maker', 'Professional']","['Blue Collar', 'Doctor', 'Lawyer', 'Manager', 'Student', 'Unknown']",0.8837685641413962
0,3,"['Clerical', 'Doctor', 'Home Maker']","['Blue Collar', 'Lawyer', 'Manager', 'Professional', 'Student', 'Unknown']",0.8718079301589128
0,3,"['Doctor', 'Home Maker', 'Professional']","['Blue Collar', 'Clerical', 'Lawyer', 'Manager', 'Student', 'Unknown']",0.9057796275981652
0,3,"['Clerical', 'Doctor', 'Professional']","['Blue Collar', 'Home Maker', 'Lawyer', 'Manager', 'Student', 'Unknown']",0.9030981971516382
0,4,"['Blue Collar', 'Lawyer', 'Manager', 'Unknown']","['Clerical', 'Doctor', 'Home Maker', 'Professional', 'Student']",0.8885409689652568
0,4,"['Blue Collar', 'Manager', 'Student', 'Unknown']","['Clerical', 'Doctor', 'Home Maker', 'Lawyer', 'Professional']",0.7719816692569687
0,4,"['Blue Collar', 'Home Maker', 'Manager', 'Unknown']","['Clerical', 'Doctor', 'Lawyer', 'Professional', 'Student']",0.8640330359450196
0,4,"['Blue Collar', 'Clerical', 'Manager', 'Unknown']","['Doctor', 'Home Maker', 'Lawyer', 'Professional', 'Student']",0.8741604251039466
0,4,"['Blue Collar', 'Manager', 'Professional', 'Unknown']","['Clerical', 'Doctor', 'Home Maker', 'Lawyer', 'Student']",0.8369510252013664
0,4,"['Blue Collar', 'Doctor', 'Manager', 'Unknown']","['Clerical', 'Home Maker', 'Lawyer', 'Professional', 'Student']",0.8339227065124959
0,4,"['Blue Collar', 'Lawyer', 'Student', 'Unknown']","['Clerical', 'Doctor', 'Home Maker', 'Manager', 'Professional']",0.8372286293992504
0,4,"['Blue Collar', 'Home Maker', 'Lawyer', 'Unknown']","['Clerical', 'Doctor', 'Manager', 'Professional', 'Student']",0.9051319417932409
0,4,"['Blue Collar', 'Clerical', 'Lawyer', 'Unknown']","['Doctor', 'Home Maker', 'Manager', 'Professional', 'Student']",0.9134865834129737
0,4,"['Blue Collar', 'Lawyer', 'Professional', 'Unknown']","['Clerical', 'Doctor', 'Home Maker', 'Manager', 'Student']",0.8872974032234633
0,4,"['Blue Collar', 'Doctor', 'Lawyer', 'Unknown']","['Clerical', 'Home Maker', 'Manager', 'Professional', 'Student']",0.8825257251028726
0,4,"['Blue Collar', 'Home Maker', 'Student', 'Unknown']","['Clerical', 'Doctor', 'Lawyer', 'Manager', 'Professional']",0.8036208236531225
0,4,"['Blue Collar', 'Clerical', 'Student', 'Unknown']","['Doctor', 'Home Maker', 'Lawyer', 'Manager', 'Professional']",0.8179682772651685
0,4,"['Blue Collar', 'Professional', 'Student', 'Unknown']","['Clerical', 'Doctor', 'Home Maker', 'Lawyer', 'Manager']",0.7688717141965781
0,4,"['Blue Collar', 'Doctor', 'Student', 'Unknown']","['Clerical', 'Home Maker', 'Lawyer', 'Manager', 'Professional']",0.7616959915227429
0,4,"['Blue Collar', 'Clerical', 'Home Maker', 'Unknown']","['Doctor', 'Lawyer', 'Manager', 'Professional', 'Student']",0.8944550171596767
0,4,"['Blue Collar', 'Home Maker', 'Professional', 'Unknown']","['Clerical', 'Doctor', 'Lawyer', 'Manager', 'Student']",0.8626229799285393
0,4,"['Blue Collar', 'Doctor', 'Home Maker', 'Unknown']","['Clerical', 'Lawyer', 'Manager', 'Professional', 'Student']",0.855703832816845
0,4,"['Blue Collar', 'Clerical', 'Professional', 'Unknown']","['Doctor', 'Home Maker', 'Lawyer', 'Manager', 'Student']",0.8720143132259076
0,4,"['Blue Collar', 'Clerical', 'Doctor', 'Unknown']","['Home Maker', 'Lawyer', 'Manager', 'Professional', 'Student']",0.8709897529048225
0,4,"['Blue Collar', 'Doctor', 'Professional', 'Unknown']","['Clerical', 'Home Maker', 'Lawyer', 'Manager', 'Student']",0.8329812934397433
0,4,"['Blue Collar', 'Lawyer', 'Manager', 'Student']","['Clerical', 'Doctor', 'Home Maker', 'Professional', 'Unknown']",0.923789774115229
0,4,"['Blue Collar', 'Home Maker', 'Lawyer', 'Manager']","['Clerical', 'Doctor', 'Professional', 'Student', 'Unknown']",0.9476760914802751
0,4,"['Blue Collar', 'Clerical', 'Lawyer', 'Manager']","['Doctor', 'Home Maker', 'Professional', 'Student', 'Unknown']",0.9487943573949643
0,4,"['Blue Collar', 'Lawyer', 'Manager', 'Professional']","['Clerical', 'Doctor', 'Home Maker', 'Student', 'Unknown']",0.9434654864584671
0,4,"['Blue Collar', 'Doctor', 'Lawyer', 'Manager']","['Clerical', 'Home Maker', 'Professional', 'Student', 'Unknown']",0.9422396034990015
0,4,"['Blue Collar', 'Home Maker', 'Manager', 'Student']","['Clerical', 'Doctor', 'Lawyer', 'Professional', 'Unknown']",0.9074772859296552
0,4,"['Blue Collar', 'Clerical', 'Manager', 'Student']","['Doctor', 'Home Maker', 'Lawyer', 'Professional', 'Unknown']",0.9147347615752905
0,4,"['Blue Collar', 'Manager', 'Professional', 'Student']","['Clerical', 'Doctor', 'Home Maker', 'Lawyer', 'Unknown']",0.8887064029692558
0,4,"['Blue Collar', 'Doctor', 'Manager', 'Student']","['Clerical', 'Home Maker', 'Lawyer', 'Professional', 'Unknown']",0.8864883985043963
0,4,"['Blue Collar', 'Clerical', 'Home Maker', 'Manager']","['Doctor', 'Lawyer', 'Professional', 'Student', 'Unknown']",0.9454255750671956
0,4,"['Blue Collar', 'Home Maker', 'Manager', 'Professional']","['Clerical', 'Doctor', 'Lawyer', 'Student', 'Unknown']",0.9347395760004397
0,4,"['Blue Collar', 'Doctor', 'Home Maker', 'Manager']","['Clerical', 'Lawyer', 'Professional', 'Student', 'Unknown']",0.9327942263595407
0,4,"['Blue Collar', 'Clerical', 'Manager', 'Professional']","['Doctor', 'Home Maker', 'Lawyer', 'Student', 'Unknown']",0.9389590688757478
0,4,"['Blue Collar', 'Clerical', 'Doctor', 'Manager']","['Home Maker', 'Lawyer', 'Professional', 'Student', 'Unknown']",0.9379530907438145
0,4,"['Blue Collar', 'Doctor', 'Manager', 'Professional']","['Clerical', 'Home Maker', 'Lawyer', 'Student', 'Unknown']",0.9219639468978218
0,4,"['Blue Collar', 'Home Maker', 'Lawyer', 'Student']","['Clerical', 'Doctor', 'Manager', 'Professional', 'Unknown']",0.9339514124822034
0,4,"['Blue Collar', 'Clerical', 'Lawyer', 'Student']","['Doctor', 'Home Maker', 'Manager', 'Professional', 'Unknown']",0.9386850436256667
0,4,"['Blue Collar', 'Lawyer', 'Professional', 'Student']","['Clerical', 'Doctor', 'Home Maker', 'Manager', 'Unknown']",0.9230409344088393
0,4,"['Blue Collar', 'Doctor', 'Lawyer', 'Student']","['Clerical', 'Home Maker', 'Manager', 'Professional', 'Unknown']",0.9202953053616775
0,4,"['Blue Collar', 'Clerical', 'Home Maker', 'Lawyer']","['Doctor', 'Manager', 'Professional', 'Student', 'Unknown']",0.948566582699793
0,4,"['Blue Collar', 'Home Maker', 'Lawyer', 'Professional']","['Clerical', 'Doctor', 'Manager', 'Student', 'Unknown']",0.9475411385612139
0,4,"['Blue Collar', 'Doctor', 'Home Maker', 'Lawyer']","['Clerical', 'Manager', 'Professional', 'Student', 'Unknown']",0.9467572898071718
0,4,"['Blue Collar', 'Clerical', 'Lawyer', 'Professional']","['Doctor', 'Home Maker', 'Manager', 'Student', 'Unknown']",0.9487365989690013
0,4,"['Blue Collar', 'Clerical', 'Doctor', 'Lawyer']","['Home Maker', 'Manager', 'Professional', 'Student', 'Unknown']",0.9483858398710692
0,4,"['Blue Collar', 'Doctor', 'Lawyer', 'Professional']","['Clerical', 'Home Maker', 'Manager', 'Student', 'Unknown']",0.9419631607102279
0,4,"['Blue Collar', 'Clerical', 'Home Maker', 'Student']","['Doctor', 'Lawyer', 'Manager', 'Professional', 'Unknown']",0.9275469785287052
0,4,"['Blue Collar', 'Home Maker', 'Professional', 'Student']","['Clerical', 'Doctor', 'Lawyer', 'Manager', 'Unknown']",0.9065196717555862
0,4,"['Blue Collar', 'Doctor', 'Home Maker', 'Student']","['Clerical', 'Lawyer', 'Manager', 'Professional', 'Unknown']",0.9025362862656725
0,4,"['Blue Collar', 'Clerical', 'Professional', 'Student']","['Doctor', 'Home Maker', 'Lawyer', 'Manager', 'Unknown']",0.9135052836755322
0,4,"['Blue Collar', 'Clerical', 'Doctor', 'Student']","['Home Maker', 'Lawyer', 'Manager', 'Professional', 'Unknown']",0.9122577863724506
0,4,"['Blue Collar', 'Doctor', 'Professional', 'Student']","['Clerical', 'Home Maker', 'Lawyer', 'Manager', 'Unknown']",0.8856440861985139
0,4,"['Blue Collar', 'Clerical', 'Home Maker', 'Professional']","['Doctor', 'Lawyer', 'Manager', 'Student', 'Unknown']",0.9451664172994856
0,4,"['Blue Collar', 'Clerical', 'Doctor', 'Home Maker']","['Lawyer', 'Manager', 'Professional', 'Student', 'Unknown']",0.9441602782099343
0,4,"['Blue Collar', 'Doctor', 'Home Maker', 'Professional']","['Clerical', 'Lawyer', 'Manager', 'Student', 'Unknown']",0.9324035792047038
0,4,"['Blue Collar', 'Clerical', 'Doctor', 'Professional']","['Home Maker', 'Lawyer', 'Manager', 'Student', 'Unknown']",0.937515935332344
0,4,"['Lawyer', 'Manager', 'Student', 'Unknown']","['Blue Collar', 'Clerical', 'Doctor', 'Home Maker', 'Professional']",0.9485163890115186
0,4,"['Home Maker', 'Lawyer', 'Manager', 'Unknown']","['Blue Collar', 'Clerical', 'Doctor', 'Professional', 'Student']",0.9265937263822868
0,4,"['Clerical', 'Lawyer', 'Manager', 'Unknown']","['Blue Collar', 'Doctor', 'Home Maker', 'Professional', 'Student']",0.9210271432342404
0,4,"['Lawyer', 'Manager', 'Professional', 'Unknown']","['Blue Collar', 'Clerical', 'Doctor', 'Home Maker', 'Student']",0.9374405385364871
0,4,"['Doctor', 'Lawyer', 'Manager', 'Unknown']","['Blue Collar', 'Clerical', 'Home Maker', 'Professional', 'Student']",0.9379405948427708
0,4,"['Home Maker', 'Manager', 'Student', 'Unknown']","['Blue Collar', 'Clerical', 'Doctor', 'Lawyer', 'Professional']",0.9484171007823479
0,4,"['Clerical', 'Manager', 'Student', 'Unknown']","['Blue Collar', 'Doctor', 'Home Maker', 'Lawyer', 'Professional']",0.9490047274223712
0,4,"['Manager', 'Professional', 'Student', 'Unknown']","['Blue Collar', 'Clerical', 'Doctor', 'Home Maker', 'Lawyer']",0.9452944489543124
0,4,"['Doctor', 'Manager', 'Student', 'Unknown']","['Blue Collar', 'Clerical', 'Home Maker', 'Lawyer', 'Professional']",0.9434510260373797
0,4,"['Clerical', 'Home Maker', 'Manager', 'Unknown']","['Blue Collar', 'Doctor', 'Lawyer', 'Professional', 'Student']",0.9340595583439654
0,4,"['Home Maker', 'Manager', 'Professional', 'Unknown']","['Blue Collar', 'Clerical', 'Doctor', 'Lawyer', 'Student']",0.9451149868518143
0,4,"['Doctor', 'Home Maker', 'Manager', 'Unknown']","['Blue Collar', 'Clerical', 'Lawyer', 'Professional', 'Student']",0.9457214556127722
0,4,"['Clerical', 'Manager', 'Professional', 'Unknown']","['Blue Collar', 'Doctor', 'Home Maker', 'Lawyer', 'Student']",0.9420447703760799
0,4,"['Clerical', 'Doctor', 'Manager', 'Unknown']","['Blue Collar', 'Home Maker', 'Lawyer', 'Professional', 'Student']",0.9430363261365547
0,4,"['Doctor', 'Manager', 'Professional', 'Unknown']","['Blue Collar', 'Clerical', 'Home Maker', 'Lawyer', 'Student']",0.9487485678974782
0,4,"['Home Maker', 'Lawyer', 'Student', 'Unknown']","['Blue Collar', 'Clerical', 'Doctor', 'Manager', 'Professional']",0.945384901025858
0,4,"['Clerical', 'Lawyer', 'Student', 'Unknown']","['Blue Collar', 'Doctor', 'Home Maker', 'Manager', 'Professional']",0.9425506117664452
0,4,"['Lawyer', 'Professional', 'Student', 'Unknown']","['Blue Collar', 'Clerical', 'Doctor', 'Home Maker', 'Manager']",0.9485983434473927
0,4,"['Doctor', 'Lawyer', 'Student', 'Unknown']","['Blue Collar', 'Clerical', 'Home Maker', 'Manager', 'Professional']",0.9488632924513182
0,4,"['Clerical', 'Home Maker', 'Lawyer', 'Unknown']","['Blue Collar', 'Doctor', 'Manager', 'Professional', 'Student']",0.9060702079805875
0,4,"['Home Maker', 'Lawyer', 'Professional', 'Unknown']","['Blue Collar', 'Clerical', 'Doctor', 'Manager', 'Student']",0.9275664861662815
0,4,"['Doctor', 'Home Maker', 'Lawyer', 'Unknown']","['Blue Collar', 'Clerical', 'Manager', 'Professional', 'Student']",0.9262810899579025
0,4,"['Clerical', 'Lawyer', 'Professional', 'Unknown']","['Blue Collar', 'Doctor', 'Home Maker', 'Manager', 'Student']",0.9218621416720754
0,4,"['Clerical', 'Doctor', 'Lawyer', 'Unknown']","['Blue Collar', 'Home Maker', 'Manager', 'Professional', 'Student']",0.9220582980978824
0,4,"['Doctor', 'Lawyer', 'Professional', 'Unknown']","['Blue Collar', 'Clerical', 'Home Maker', 'Manager', 'Student']",0.9386259795302163
0,4,"['Clerical', 'Home Maker', 'Student', 'Unknown']","['Blue Collar', 'Doctor', 'Lawyer', 'Manager', 'Professional']",0.9477885144132913
0,4,"['Home Maker', 'Professional', 'Student', 'Unknown']","['Blue Collar', 'Clerical', 'Doctor', 'Lawyer', 'Manager']",0.9483397192020566
0,4,"['Doctor', 'Home Maker', 'Student', 'Unknown']","['Blue Collar', 'Clerical', 'Lawyer', 'Manager', 'Professional']",0.9475408755048641
0,4,"['Clerical', 'Professional', 'Student', 'Unknown']","['Blue Collar', 'Doctor', 'Home Maker', 'Lawyer', 'Manager']",0.9489978588846046
0,4,"['Clerical', 'Doctor', 'Student', 'Unknown']","['Blue Collar', 'Home Maker', 'Lawyer', 'Manager', 'Professional']",0.9488516164029656
0,4,"['Doctor', 'Professional', 'Student', 'Unknown']","['Blue Collar', 'Clerical', 'Home Maker', 'Lawyer', 'Manager']",0.9433256665044079
0,4,"['Clerical', 'Home Maker', 'Professional', 'Unknown']","['Blue Collar', 'Doctor', 'Lawyer', 'Manager', 'Student']",0.9346436766952818
0,4,"['Clerical', 'Doctor', 'Home Maker', 'Unknown']","['Blue Collar', 'Lawyer', 'Manager', 'Professional', 'Student']",0.9351900043144257
0,4,"['Doctor', 'Home Maker', 'Professional', 'Unknown']","['Blue Collar', 'Clerical', 'Lawyer', 'Manager', 'Student']",0.9460263770887881
0,4,"['Clerical', 'Doctor', 'Professional', 'Unknown']","['Blue Collar', 'Home Maker', 'Lawyer', 'Manager', 'Student']",0.9434090413777709
0,4,"['Home Maker', 'Lawyer', 'Manager', 'Student']","['Blue Collar', 'Clerical', 'Doctor', 'Professional', 'Unknown']",0.8916853321517805
0,4,"['Clerical', 'Lawyer', 'Manager', 'Student']","['Blue Collar', 'Doctor', 'Home Maker', 'Professional', 'Unknown']",0.88408230515496
0,4,"['Lawyer', 'Manager', 'Professional', 'Student']","['Blue Collar', 'Clerical', 'Doctor', 'Home Maker', 'Unknown']",0.9110937475160258
0,4,"['Doctor', 'Lawyer', 'Manager', 'Student']","['Blue Collar', 'Clerical', 'Home Maker', 'Professional', 'Unknown']",0.9100341897336053
0,4,"['Clerical', 'Home Maker', 'Lawyer', 'Manager']","['Blue Collar', 'Doctor', 'Professional', 'Student', 'Unknown']",0.8004197058692661
0,4,"['Home Maker', 'Lawyer', 'Manager', 'Professional']","['Blue Collar', 'Clerical', 'Doctor', 'Student', 'Unknown']",0.844364582135518
0,4,"['Doctor', 'Home Maker', 'Lawyer', 'Manager']","['Blue Collar', 'Clerical', 'Professional', 'Student', 'Unknown']",0.8324313511390667
0,4,"['Clerical', 'Lawyer', 'Manager', 'Professional']","['Blue Collar', 'Doctor', 'Home Maker', 'Student', 'Unknown']",0.8331677289748887
0,4,"['Clerical', 'Doctor', 'Lawyer', 'Manager']","['Blue Collar', 'Home Maker', 'Professional', 'Student', 'Unknown']",0.8303297748667232
0,4,"['Doctor', 'Lawyer', 'Manager', 'Professional']","['Blue Collar', 'Clerical', 'Home Maker', 'Student', 'Unknown']",0.8694522272218553
0,4,"['Clerical', 'Home Maker', 'Manager', 'Student']","['Blue Collar', 'Doctor', 'Lawyer', 'Professional', 'Unknown']",0.9050718941788466
0,4,"['Home Maker', 'Manager', 'Professional', 'Student']","['Blue Collar', 'Clerical', 'Doctor', 'Lawyer', 'Unknown']",0.9266041431161989
0,4,"['Doctor', 'Home Maker', 'Manager', 'Student']","['Blue Collar', 'Clerical', 'Lawyer', 'Professional', 'Unknown']",0.9263738397475693
0,4,"['Clerical', 'Manager', 'Professional', 'Student']","['Blue Collar', 'Doctor', 'Home Maker', 'Lawyer', 'Unknown']",0.9201975083391224
0,4,"['Clerical', 'Doctor', 'Manager', 'Student']","['Blue Collar', 'Home Maker', 'Lawyer', 'Professional', 'Unknown']",0.9214788373532962
0,4,"['Doctor', 'Manager', 'Professional', 'Student']","['Blue Collar', 'Clerical', 'Home Maker', 'Lawyer', 'Unknown']",0.9379447330309326
0,4,"['Clerical', 'Home Maker', 'Manager', 'Professional']","['Blue Collar', 'Doctor', 'Lawyer', 'Student', 'Unknown']",0.8623891164146694
0,4,"['Clerical', 'Doctor', 'Home Maker', 'Manager']","['Blue Collar', 'Lawyer', 'Professional', 'Student', 'Unknown']",0.8600400179564062
0,4,"['Doctor', 'Home Maker', 'Manager', 'Professional']","['Blue Collar', 'Clerical', 'Lawyer', 'Student', 'Unknown']",0.893303334912995
0,4,"['Clerical', 'Doctor', 'Manager', 'Professional']","['Blue Collar', 'Home Maker', 'Lawyer', 'Student', 'Unknown']",0.8864634311885361
0,4,"['Clerical', 'Home Maker', 'Lawyer', 'Student']","['Blue Collar', 'Doctor', 'Manager', 'Professional', 'Unknown']",0.8610769020618178
0,4,"['Home Maker', 'Lawyer', 'Professional', 'Student']","['Blue Collar', 'Clerical', 'Doctor', 'Manager', 'Unknown']",0.8936188208656899
0,4,"['Doctor', 'Home Maker', 'Lawyer', 'Student']","['Blue Collar', 'Clerical', 'Manager', 'Professional', 'Unknown']",0.8876058289921812
0,4,"['Clerical', 'Lawyer', 'Professional', 'Student']","['Blue Collar', 'Doctor', 'Home Maker', 'Manager', 'Unknown']",0.8854873176403094
0,4,"['Clerical', 'Doctor', 'Lawyer', 'Student']","['Blue Collar', 'Home Maker', 'Manager', 'Professional', 'Unknown']",0.8839113992997657
0,4,"['Doctor', 'Lawyer', 'Professional', 'Student']","['Blue Collar', 'Clerical', 'Home Maker', 'Manager', 'Unknown']",0.911786725053982
0,4,"['Clerical', 'Home Maker', 'Lawyer', 'Professional']","['Blue Collar', 'Doctor', 'Manager', 'Student', 'Unknown']",0.8036805707606542
0,4,"['Clerical', 'Doctor', 'Home Maker', 'Lawyer']","['Blue Collar', 'Manager', 'Professional', 'Student', 'Unknown']",0.7897121540333357
0,4,"['Doctor', 'Home Maker', 'Lawyer', 'Professional']","['Blue Collar', 'Clerical', 'Manager', 'Student', 'Unknown']",0.837956505789051
0,4,"['Clerical', 'Doctor', 'Lawyer', 'Professional']","['Blue Collar', 'Home Maker', 'Manager', 'Student', 'Unknown']",0.8339633847089779
0,4,"['Clerical', 'Home Maker', 'Professional', 'Student']","['Blue Collar', 'Doctor', 'Lawyer', 'Manager', 'Unknown']",0.9062230179978166
0,4,"['Clerical', 'Doctor', 'Home Maker', 'Student']","['Blue Collar', 'Lawyer', 'Manager', 'Professional', 'Unknown']",0.9053693654959527
0,4,"['Doctor', 'Home Maker', 'Professional', 'Student']","['Blue Collar', 'Clerical', 'Lawyer', 'Manager', 'Unknown']",0.9275661802253002
0,4,"['Clerical', 'Doctor', 'Professional', 'Student']","['Blue Collar', 'Home Maker', 'Lawyer', 'Manager', 'Unknown']",0.92250497156872
0,4,"['Clerical', 'Doctor', 'Home Maker', 'Professional']","['Blue Collar', 'Lawyer', 'Manager', 'Student', 'Unknown']",0.8630320754679885
0,5,"['Blue Collar', 'Lawyer', 'Manager', 'Student', 'Unknown']","['Clerical', 'Doctor', 'Home Maker', 'Professional']",0.8630320754679885
0,5,"['Blue Collar', 'Home Maker', 'Lawyer', 'Manager', 'Unknown']","['Clerical', 'Doctor', 'Professional', 'Student']",0.92250497156872
0,5,"['Blue Collar', 'Clerical', 'Lawyer', 'Manager', 'Unknown']","['Doctor', 'Home Maker', 'Professional', 'Student']",0.9275661802253002
0,5,"['Blue Collar', 'Lawyer', 'Manager', 'Professional', 'Unknown']","['Clerical', 'Doctor', 'Home Maker', 'Student']",0.9053693654959527
0,5,"['Blue Collar', 'Doctor', 'Lawyer', 'Manager', 'Unknown']","['Clerical', 'Home Maker', 'Professional', 'Student']",0.9062230179978166
0,5,"['Blue Collar', 'Home Maker', 'Manager', 'Student', 'Unknown']","['Clerical', 'Doctor', 'Lawyer', 'Professional']",0.8339633847089779
0,5,"['Blue Collar', 'Clerical', 'Manager', 'Student', 'Unknown']","['Doctor', 'Home Maker', 'Lawyer', 'Professional']",0.837956505789051
0,5,"['Blue Collar', 'Manager', 'Professional', 'Student', 'Unknown']","['Clerical', 'Doctor', 'Home Maker', 'Lawyer']",0.7897121540333357
0,5,"['Blue Collar', 'Doctor', 'Manager', 'Student', 'Unknown']","['Clerical', 'Home Maker', 'Lawyer', 'Professional']",0.8036805707606542
0,5,"['Blue Collar', 'Clerical', 'Home Maker', 'Manager', 'Unknown']","['Doctor', 'Lawyer', 'Professional', 'Student']",0.911786725053982
0,5,"['Blue Collar', 'Home Maker', 'Manager', 'Professional', 'Unknown']","['Clerical', 'Doctor', 'Lawyer', 'Student']",0.8839113992997657
0,5,"['Blue Collar', 'Doctor', 'Home Maker', 'Manager', 'Unknown']","['Clerical', 'Lawyer', 'Professional', 'Student']",0.8854873176403094
0,5,"['Blue Collar', 'Clerical', 'Manager', 'Professional', 'Unknown']","['Doctor', 'Home Maker', 'Lawyer', 'Student']",0.8876058289921812
0,5,"['Blue Collar', 'Clerical', 'Doctor', 'Manager', 'Unknown']","['Home Maker', 'Lawyer', 'Professional', 'Student']",0.8936188208656899
0,5,"['Blue Collar', 'Doctor', 'Manager', 'Professional', 'Unknown']","['Clerical', 'Home Maker', 'Lawyer', 'Student']",0.8610769020618178
0,5,"['Blue Collar', 'Home Maker', 'Lawyer', 'Student', 'Unknown']","['Clerical', 'Doctor', 'Manager', 'Professional']",0.8864634311885361
0,5,"['Blue Collar', 'Clerical', 'Lawyer', 'Student', 'Unknown']","['Doctor', 'Home Maker', 'Manager', 'Professional']",0.893303334912995
0,5,"['Blue Collar', 'Lawyer', 'Professional', 'Student', 'Unknown']","['Clerical', 'Doctor', 'Home Maker', 'Manager']",0.8600400179564062
0,5,"['Blue Collar', 'Doctor', 'Lawyer', 'Student', 'Unknown']","['Clerical', 'Home Maker', 'Manager', 'Professional']",0.8623891164146694
0,5,"['Blue Collar', 'Clerical', 'Home Maker', 'Lawyer', 'Unknown']","['Doctor', 'Manager', 'Professional', 'Student']",0.9379447330309326
0,5,"['Blue Collar', 'Home Maker', 'Lawyer', 'Professional', 'Unknown']","['Clerical', 'Doctor', 'Manager', 'Student']",0.9214788373532962
0,5,"['Blue Collar', 'Doctor', 'Home Maker', 'Lawyer', 'Unknown']","['Clerical', 'Manager', 'Professional', 'Student']",0.9201975083391224
0,5,"['Blue Collar', 'Clerical', 'Lawyer', 'Professional', 'Unknown']","['Doctor', 'Home Maker', 'Manager', 'Student']",0.9263738397475693
0,5,"['Blue Collar', 'Clerical', 'Doctor', 'Lawyer', 'Unknown']","['Home Maker', 'Manager', 'Professional', 'Student']",0.9266041431161989
0,5,"['Blue Collar', 'Doctor', 'Lawyer', 'Professional', 'Unknown']","['Clerical', 'Home Maker', 'Manager', 'Student']",0.9050718941788466
0,5,"['Blue Collar', 'Clerical', 'Home Maker', 'Student', 'Unknown']","['Doctor', 'Lawyer', 'Manager', 'Professional']",0.8694522272218553
0,5,"['Blue Collar', 'Home Maker', 'Professional', 'Student', 'Unknown']","['Clerical', 'Doctor', 'Lawyer', 'Manager']",0.8303297748667232
0,5,"['Blue Collar', 'Doctor', 'Home Maker', 'Student', 'Unknown']","['Clerical', 'Lawyer', 'Manager', 'Professional']",0.8331677289748887
0,5,"['Blue Collar', 'Clerical', 'Professional', 'Student', 'Unknown']","['Doctor', 'Home Maker', 'Lawyer', 'Manager']",0.8324313511390667
0,5,"['Blue Collar', 'Clerical', 'Doctor', 'Student', 'Unknown']","['Home Maker', 'Lawyer', 'Manager', 'Professional']",0.844364582135518
0,5,"['Blue Collar', 'Doctor', 'Professional', 'Student', 'Unknown']","['Clerical', 'Home Maker', 'Lawyer', 'Manager']",0.8004197058692661
0,5,"['Blue Collar', 'Clerical', 'Home Maker', 'Professional', 'Unknown']","['Doctor', 'Lawyer', 'Manager', 'Student']",0.9100341897336053
0,5,"['Blue Collar', 'Clerical', 'Doctor', 'Home Maker', 'Unknown']","['Lawyer', 'Manager', 'Professional', 'Student']",0.9110937475160258
0,5,"['Blue Collar', 'Doctor', 'Home Maker', 'Professional', 'Unknown']","['Clerical', 'Lawyer', 'Manager', 'Student']",0.88408230515496
0,5,"['Blue Collar', 'Clerical', 'Doctor', 'Professional', 'Unknown']","['Home Maker', 'Lawyer', 'Manager', 'Student']",0.8916853321517805
0,5,"['Blue Collar', 'Home Maker', 'Lawyer', 'Manager', 'Student']","['Clerical', 'Doctor', 'Professional', 'Unknown']",0.9434090413777709
0,5,"['Blue Collar', 'Clerical', 'Lawyer', 'Manager', 'Student']","['Doctor', 'Home Maker', 'Professional', 'Unknown']",0.9460263770887881
0,5,"['Blue Collar', 'Lawyer', 'Manager', 'Professional', 'Student']","['Clerical', 'Doctor', 'Home Maker', 'Unknown']",0.9351900043144257
0,5,"['Blue Collar', 'Doctor', 'Lawyer', 'Manager', 'Student']","['Clerical', 'Home Maker', 'Professional', 'Unknown']",0.9346436766952818
0,5,"['Blue Collar', 'Clerical', 'Home Maker', 'Lawyer', 'Manager']","['Doctor', 'Professional', 'Student', 'Unknown']",0.9433256665044079
0,5,"['Blue Collar', 'Home Maker', 'Lawyer', 'Manager', 'Professional']","['Clerical', 'Doctor', 'Student', 'Unknown']",0.9488516164029656
0,5,"['Blue Collar', 'Doctor', 'Home Maker', 'Lawyer', 'Manager']","['Clerical', 'Professional', 'Student', 'Unknown']",0.9489978588846046
0,5,"['Blue Collar', 'Clerical', 'Lawyer', 'Manager', 'Professional']","['Doctor', 'Home Maker', 'Student', 'Unknown']",0.9475408755048641
0,5,"['Blue Collar', 'Clerical', 'Doctor', 'Lawyer', 'Manager']","['Home Maker', 'Professional', 'Student', 'Unknown']",0.9483397192020566
0,5,"['Blue Collar', 'Doctor', 'Lawyer', 'Manager', 'Professional']","['Clerical', 'Home Maker', 'Student', 'Unknown']",0.9477885144132913
0,5,"['Blue Collar', 'Clerical', 'Home Maker', 'Manager', 'Student']","['Doctor', 'Lawyer', 'Professional', 'Unknown']",0.9386259795302163
0,5,"['Blue Collar', 'Home Maker', 'Manager', 'Professional', 'Student']","['Clerical', 'Doctor', 'Lawyer', 'Unknown']",0.9220582980978824
0,5,"['Blue Collar', 'Doctor', 'Home Maker', 'Manager', 'Student']","['Clerical', 'Lawyer', 'Professional', 'Unknown']",0.9218621416720754
0,5,"['Blue Collar', 'Clerical', 'Manager', 'Professional', 'Student']","['Doctor', 'Home Maker', 'Lawyer', 'Unknown']",0.9262810899579025
0,5,"['Blue Collar', 'Clerical', 'Doctor', 'Manager', 'Student']","['Home Maker', 'Lawyer', 'Professional', 'Unknown']",0.9275664861662815
0,5,"['Blue Collar', 'Doctor', 'Manager', 'Professional', 'Student']","['Clerical', 'Home Maker', 'Lawyer', 'Unknown']",0.9060702079805875
0,5,"['Blue Collar', 'Clerical', 'Home Maker', 'Manager', 'Professional']","['Doctor', 'Lawyer', 'Student', 'Unknown']",0.9488632924513182
0,5,"['Blue Collar', 'Clerical', 'Doctor', 'Home Maker', 'Manager']","['Lawyer', 'Professional', 'Student', 'Unknown']",0.9485983434473927
0,5,"['Blue Collar', 'Doctor', 'Home Maker', 'Manager', 'Professional']","['Clerical', 'Lawyer', 'Student', 'Unknown']",0.9425506117664452
0,5,"['Blue Collar', 'Clerical', 'Doctor', 'Manager', 'Professional']","['Home Maker', 'Lawyer', 'Student', 'Unknown']",0.945384901025858
0,5,"['Blue Collar', 'Clerical', 'Home Maker', 'Lawyer', 'Student']","['Doctor', 'Manager', 'Professional', 'Unknown']",0.9487485678974782
0,5,"['Blue Collar', 'Home Maker', 'Lawyer', 'Professional', 'Student']","['Clerical', 'Doctor', 'Manager', 'Unknown']",0.9430363261365547
0,5,"['Blue Collar', 'Doctor', 'Home Maker', 'Lawyer', 'Student']","['Clerical', 'Manager', 'Professional', 'Unknown']",0.9420447703760799
0,5,"['Blue Collar', 'Clerical', 'Lawyer', 'Professional', 'Student']","['Doctor', 'Home Maker', 'Manager', 'Unknown']",0.9457214556127722
0,5,"['Blue Collar', 'Clerical', 'Doctor', 'Lawyer', 'Student']","['Home Maker', 'Manager', 'Professional', 'Unknown']",0.9451149868518143
0,5,"['Blue Collar', 'Doctor', 'Lawyer', 'Professional', 'Student']","['Clerical', 'Home Maker', 'Manager', 'Unknown']",0.9340595583439654
0,5,"['Blue Collar', 'Clerical', 'Home Maker', 'Lawyer', 'Professional']","['Doctor', 'Manager', 'Student', 'Unknown']",0.9434510260373797
0,5,"['Blue Collar', 'Clerical', 'Doctor', 'Home Maker', 'Lawyer']","['Manager', 'Professional', 'Student', 'Unknown']",0.9452944489543124
0,5,"['Blue Collar', 'Doctor', 'Home Maker', 'Lawyer', 'Professional']","['Clerical', 'Manager', 'Student', 'Unknown']",0.9490047274223712
0,5,"['Blue Collar', 'Clerical', 'Doctor', 'Lawyer', 'Professional']","['Home Maker', 'Manager', 'Student', 'Unknown']",0.9484171007823479
0,5,"['Blue Collar', 'Clerical', 'Home Maker', 'Professional', 'Student']","['Doctor', 'Lawyer', 'Manager', 'Unknown']",0.9379405948427708
0,5,"['Blue Collar', 'Clerical', 'Doctor', 'Home Maker', 'Student']","['Lawyer', 'Manager', 'Professional', 'Unknown']",0.9374405385364871
0,5,"['Blue Collar', 'Doctor', 'Home Maker', 'Professional', 'Student']","['Clerical', 'Lawyer', 'Manager', 'Unknown']",0.9210271432342404
0,5,"['Blue Collar', 'Clerical', 'Doctor', 'Professional', 'Student']","['Home Maker', 'Lawyer', 'Manager', 'Unknown']",0.9265937263822868
0,5,"['Blue Collar', 'Clerical', 'Doctor', 'Home Maker', 'Professional']","['Lawyer', 'Manager', 'Student', 'Unknown']",0.9485163890115186
0,5,"['Home Maker', 'Lawyer', 'Manager', 'Student', 'Unknown']","['Blue Collar', 'Clerical', 'Doctor', 'Professional']",0.937515935332344
0,5,"['Clerical', 'Lawyer', 'Manager', 'Student', 'Unknown']","['Blue Collar', 'Doctor', 'Home Maker', 'Professional']",0.9324035792047038
0,5,"['Lawyer', 'Manager', 'Professional', 'Student', 'Unknown']","['Blue Collar', 'Clerical', 'Doctor', 'Home Maker']",0.9441602782099343
0,5,"['Doctor', 'Lawyer', 'Manager', 'Student', 'Unknown']","['Blue Collar', 'Clerical', 'Home Maker', 'Professional']",0.9451664172994856
0,5,"['Clerical', 'Home Maker', 'Lawyer', 'Manager', 'Unknown']","['Blue Collar', 'Doctor', 'Professional', 'Student']",0.8856440861985139
0,5,"['Home Maker', 'Lawyer', 'Manager', 'Professional', 'Unknown']","['Blue Collar', 'Clerical', 'Doctor', 'Student']",0.9122577863724506
0,5,"['Doctor', 'Home Maker', 'Lawyer', 'Manager', 'Unknown']","['Blue Collar', 'Clerical', 'Professional', 'Student']",0.9135052836755322
0,5,"['Clerical', 'Lawyer', 'Manager', 'Professional', 'Unknown']","['Blue Collar', 'Doctor', 'Home Maker', 'Student']",0.9025362862656725
0,5,"['Clerical', 'Doctor', 'Lawyer', 'Manager', 'Unknown']","['Blue Collar', 'Home Maker', 'Professional', 'Student']",0.9065196717555862
0,5,"['Doctor', 'Lawyer', 'Manager', 'Professional', 'Unknown']","['Blue Collar', 'Clerical', 'Home Maker', 'Student']",0.9275469785287052
0,5,"['Clerical', 'Home Maker', 'Manager', 'Student', 'Unknown']","['Blue Collar', 'Doctor', 'Lawyer', 'Professional']",0.9419631607102279
0,5,"['Home Maker', 'Manager', 'Professional', 'Student', 'Unknown']","['Blue Collar', 'Clerical', 'Doctor', 'Lawyer']",0.9483858398710692
0,5,"['Doctor', 'Home Maker', 'Manager', 'Student', 'Unknown']","['Blue Collar', 'Clerical', 'Lawyer', 'Professional']",0.9487365989690013
0,5,"['Clerical', 'Manager', 'Professional', 'Student', 'Unknown']","['Blue Collar', 'Doctor', 'Home Maker', 'Lawyer']",0.9467572898071718
0,5,"['Clerical', 'Doctor', 'Manager', 'Student', 'Unknown']","['Blue Collar', 'Home Maker', 'Lawyer', 'Professional']",0.9475411385612139
0,5,"['Doctor', 'Manager', 'Professional', 'Student', 'Unknown']","['Blue Collar', 'Clerical', 'Home Maker', 'Lawyer']",0.948566582699793
0,5,"['Clerical', 'Home Maker', 'Manager', 'Professional', 'Unknown']","['Blue Collar', 'Doctor', 'Lawyer', 'Student']",0.9202953053616775
0,5,"['Clerical', 'Doctor', 'Home Maker', 'Manager', 'Unknown']","['Blue Collar', 'Lawyer', 'Professional', 'Student']",0.9230409344088393
0,5,"['Doctor', 'Home Maker', 'Manager', 'Professional', 'Unknown']","['Blue Collar', 'Clerical', 'Lawyer', 'Student']",0.9386850436256667
0,5,"['Clerical', 'Doctor', 'Manager', 'Professional', 'Unknown']","['Blue Collar', 'Home Maker', 'Lawyer', 'Student']",0.9339514124822034
0,5,"['Clerical', 'Home Maker', 'Lawyer', 'Student', 'Unknown']","['Blue Collar', 'Doctor', 'Manager', 'Professional']",0.9219639468978218
0,5,"['Home Maker', 'Lawyer', 'Professional', 'Student', 'Unknown']","['Blue Collar', 'Clerical', 'Doctor', 'Manager']",0.9379530907438145
0,5,"['Doctor', 'Home Maker', 'Lawyer', 'Student', 'Unknown']","['Blue Collar', 'Clerical', 'Manager', 'Professional']",0.9389590688757478
0,5,"['Clerical', 'Lawyer', 'Professional', 'Student', 'Unknown']","['Blue Collar', 'Doctor', 'Home Maker', 'Manager']",0.9327942263595407
0,5,"['Clerical', 'Doctor', 'Lawyer', 'Student', 'Unknown']","['Blue Collar', 'Home Maker', 'Manager', 'Professional']",0.9347395760004397
0,5,"['Doctor', 'Lawyer', 'Professional', 'Student', 'Unknown']","['Blue Collar', 'Clerical', 'Home Maker', 'Manager']",0.9454255750671956
0,5,"['Clerical', 'Home Maker', 'Lawyer', 'Professional', 'Unknown']","['Blue Collar', 'Doctor', 'Manager', 'Student']",0.8864883985043963
0,5,"['Clerical', 'Doctor', 'Home Maker', 'Lawyer', 'Unknown']","['Blue Collar', 'Manager', 'Professional', 'Student']",0.8887064029692558
0,5,"['Doctor', 'Home Maker', 'Lawyer', 'Professional', 'Unknown']","['Blue Collar', 'Clerical', 'Manager', 'Student']",0.9147347615752905
0,5,"['Clerical', 'Doctor', 'Lawyer', 'Professional', 'Unknown']","['Blue Collar', 'Home Maker', 'Manager', 'Student']",0.9074772859296552
0,5,"['Clerical', 'Home Maker', 'Professional', 'Student', 'Unknown']","['Blue Collar', 'Doctor', 'Lawyer', 'Manager']",0.9422396034990015
0,5,"['Clerical', 'Doctor', 'Home Maker', 'Student', 'Unknown']","['Blue Collar', 'Lawyer', 'Manager', 'Professional']",0.9434654864584671
0,5,"['Doctor', 'Home Maker', 'Professional', 'Student', 'Unknown']","['Blue Collar', 'Clerical', 'Lawyer', 'Manager']",0.9487943573949643
0,5,"['Clerical', 'Doctor', 'Professional', 'Student', 'Unknown']","['Blue Collar', 'Home Maker', 'Lawyer', 'Manager']",0.9476760914802751
0,5,"['Clerical', 'Doctor', 'Home Maker', 'Professional', 'Unknown']","['Blue Collar', 'Lawyer', 'Manager', 'Student']",0.923789774115229
0,5,"['Clerical', 'Home Maker', 'Lawyer', 'Manager', 'Student']","['Blue Collar', 'Doctor', 'Professional', 'Unknown']",0.8329812934397433
0,5,"['Home Maker', 'Lawyer', 'Manager', 'Professional', 'Student']","['Blue Collar', 'Clerical', 'Doctor', 'Unknown']",0.8709897529048225
0,5,"['Doctor', 'Home Maker', 'Lawyer', 'Manager', 'Student']","['Blue Collar', 'Clerical', 'Professional', 'Unknown']",0.8720143132259076
0,5,"['Clerical', 'Lawyer', 'Manager', 'Professional', 'Student']","['Blue Collar', 'Doctor', 'Home Maker', 'Unknown']",0.855703832816845
0,5,"['Clerical', 'Doctor', 'Lawyer', 'Manager', 'Student']","['Blue Collar', 'Home Maker', 'Professional', 'Unknown']",0.8626229799285393
0,5,"['Doctor', 'Lawyer', 'Manager', 'Professional', 'Student']","['Blue Collar', 'Clerical', 'Home Maker', 'Unknown']",0.8944550171596767
0,5,"['Clerical', 'Home Maker', 'Lawyer', 'Manager', 'Professional']","['Blue Collar', 'Doctor', 'Student', 'Unknown']",0.7616959915227429
0,5,"['Clerical', 'Doctor', 'Home Maker', 'Lawyer', 'Manager']","['Blue Collar', 'Professional', 'Student', 'Unknown']",0.7688717141965781
0,5,"['Doctor', 'Home Maker', 'Lawyer', 'Manager', 'Professional']","['Blue Collar', 'Clerical', 'Student', 'Unknown']",0.8179682772651685
0,5,"['Clerical', 'Doctor', 'Lawyer', 'Manager', 'Professional']","['Blue Collar', 'Home Maker', 'Student', 'Unknown']",0.8036208236531225
0,5,"['Clerical', 'Home Maker', 'Manager', 'Professional', 'Student']","['Blue Collar', 'Doctor', 'Lawyer', 'Unknown']",0.8825257251028726
0,5,"['Clerical', 'Doctor', 'Home Maker', 'Manager', 'Student']","['Blue Collar', 'Lawyer', 'Professional', 'Unknown']",0.8872974032234633
0,5,"['Doctor', 'Home Maker', 'Manager', 'Professional', 'Student']","['Blue Collar', 'Clerical', 'Lawyer', 'Unknown']",0.9134865834129737
0,5,"['Clerical', 'Doctor', 'Manager', 'Professional', 'Student']","['Blue Collar', 'Home Maker', 'Lawyer', 'Unknown']",0.9051319417932409
0,5,"['Clerical', 'Doctor', 'Home Maker', 'Manager', 'Professional']","['Blue Collar', 'Lawyer', 'Student', 'Unknown']",0.8372286293992504
0,5,"['Clerical', 'Home Maker', 'Lawyer', 'Professional', 'Student']","['Blue Collar', 'Doctor', 'Manager', 'Unknown']",0.8339227065124959
0,5,"['Clerical', 'Doctor', 'Home Maker', 'Lawyer', 'Student']","['Blue Collar', 'Manager', 'Professional', 'Unknown']",0.8369510252013664
0,5,"['Doctor', 'Home Maker', 'Lawyer', 'Professional', 'Student']","['Blue Collar', 'Clerical', 'Manager', 'Unknown']",0.8741604251039466
0,5,"['Clerical', 'Doctor', 'Lawyer', 'Professional', 'Student']","['Blue Collar', 'Home Maker', 'Manager', 'Unknown']",0.8640330359450196
0,5,"['Clerical', 'Doctor', 'Home Maker', 'Lawyer', 'Professional']","['Blue Collar', 'Manager', 'Student', 'Unknown']",0.7719816692569687
0,5,"['Clerical', 'Doctor', 'Home Maker', 'Professional', 'Student']","['Blue Collar', 'Lawyer', 'Manager', 'Unknown']",0.8885409689652568
0,6,"['Blue Collar', 'Home Maker', 'Lawyer', 'Manager', 'Student', 'Unknown']","['Clerical', 'Doctor', 'Professional']",0.9030981971516382
0,6,"['Blue Collar', 'Clerical', 'Lawyer', 'Manager', 'Student', 'Unknown']","['Doctor', 'Home Maker', 'Professional']",0.9057796275981652
0,6,"['Blue Collar', 'Lawyer', 'Manager', 'Professional', 'Student', 'Unknown']","['Clerical', 'Doctor', 'Home Maker']",0.8718079301589128
0,6,"['Blue Collar', 'Doctor', 'Lawyer', 'Manager', 'Student', 'Unknown']","['Clerical', 'Home Maker', 'Professional']",0.8837685641413962
0,6,"['Blue Collar', 'Clerical', 'Home Maker', 'Lawyer', 'Manager', 'Unknown']","['Doctor', 'Professional', 'Student']",0.9454945311863998
0,6,"['Blue Collar', 'Home Maker', 'Lawyer', 'Manager', 'Professional', 'Unknown']","['Clerical', 'Doctor', 'Student']",0.933111294878246
0,6,"['Blue Collar', 'Doctor', 'Home Maker', 'Lawyer', 'Manager', 'Unknown']","['Clerical', 'Professional', 'Student']",0.9336550098796558
0,6,"['Blue Collar', 'Clerical', 'Lawyer', 'Manager', 'Professional', 'Unknown']","['Doctor', 'Home Maker', 'Student']",0.9362475291603086
0,6,"['Blue Collar', 'Clerical', 'Doctor', 'Lawyer', 'Manager', 'Unknown']","['Home Maker', 'Professional', 'Student']",0.9376618077754345
0,6,"['Blue Collar', 'Doctor', 'Lawyer', 'Manager', 'Professional', 'Unknown']","['Clerical', 'Home Maker', 'Student']",0.9200560279443465
0,6,"['Blue Collar', 'Clerical', 'Home Maker', 'Manager', 'Student', 'Unknown']","['Doctor', 'Lawyer', 'Professional']",0.8821987377602464
0,6,"['Blue Collar', 'Home Maker', 'Manager', 'Professional', 'Student', 'Unknown']","['Clerical', 'Doctor', 'Lawyer']",0.841150276410201
0,6,"['Blue Collar', 'Doctor', 'Home Maker', 'Manager', 'Student', 'Unknown']","['Clerical', 'Lawyer', 'Professional']",0.8580885633323387
0,6,"['Blue Collar', 'Clerical', 'Manager', 'Professional', 'Student', 'Unknown']","['Doctor', 'Home Maker', 'Lawyer']",0.8229526811698655
0,6,"['Blue Collar', 'Clerical', 'Doctor', 'Manager', 'Student', 'Unknown']","['Home Maker', 'Lawyer', 'Professional']",0.8612563896455644
0,6,"['Blue Collar', 'Doctor', 'Manager', 'Professional', 'Student', 'Unknown']","['Clerical', 'Home Maker', 'Lawyer']",0.8173239033518108
0,6,"['Blue Collar', 'Clerical', 'Home Maker', 'Manager', 'Professional', 'Unknown']","['Doctor', 'Lawyer', 'Student']",0.9211809063748397
0,6,"['Blue Collar', 'Clerical', 'Doctor', 'Home Maker', 'Manager', 'Unknown']","['Lawyer', 'Professional', 'Student']",0.9252990215848648
0,6,"['Blue Collar', 'Doctor', 'Home Maker', 'Manager', 'Professional', 'Unknown']","['Clerical', 'Lawyer', 'Student']",0.9018892636602858
0,6,"['Blue Collar', 'Clerical', 'Doctor', 'Manager', 'Professional', 'Unknown']","['Home Maker', 'Lawyer', 'Student']",0.9053028041852258
0,6,"['Blue Collar', 'Clerical', 'Home Maker', 'Lawyer', 'Student', 'Unknown']","['Doctor', 'Manager', 'Professional']",0.9250337861390882
0,6,"['Blue Collar', 'Home Maker', 'Lawyer', 'Professional', 'Student', 'Unknown']","['Clerical', 'Doctor', 'Manager']",0.9005969130302526
0,6,"['Blue Collar', 'Doctor', 'Home Maker', 'Lawyer', 'Student', 'Unknown']","['Clerical', 'Manager', 'Professional']",0.9042069062177132
0,6,"['Blue Collar', 'Clerical', 'Lawyer', 'Professional', 'Student', 'Unknown']","['Doctor', 'Home Maker', 'Manager']",0.9022510140148947
0,6,"['Blue Collar', 'Clerical', 'Doctor', 'Lawyer', 'Student', 'Unknown']","['Home Maker', 'Manager', 'Professional']",0.9099156144935856
0,6,"['Blue Collar', 'Doctor', 'Lawyer', 'Professional', 'Student', 'Unknown']","['Clerical', 'Home Maker', 'Manager']",0.8810776162260907
0,6,"['Blue Collar', 'Clerical', 'Home Maker', 'Lawyer', 'Professional', 'Unknown']","['Doctor', 'Manager', 'Student']",0.9450797586257721
0,6,"['Blue Collar', 'Clerical', 'Doctor', 'Home Maker', 'Lawyer', 'Unknown']","['Manager', 'Professional', 'Student']",0.944731590857911
0,6,"['Blue Collar', 'Doctor', 'Home Maker', 'Lawyer', 'Professional', 'Unknown']","['Clerical', 'Manager', 'Student']",0.9328851250918417
0,6,"['Blue Collar', 'Clerical', 'Doctor', 'Lawyer', 'Professional', 'Unknown']","['Home Maker', 'Manager', 'Student']",0.9368483277566395
0,6,"['Blue Collar', 'Clerical', 'Home Maker', 'Professional', 'Student', 'Unknown']","['Doctor', 'Lawyer', 'Manager']",0.8771569603880178
0,6,"['Blue Collar', 'Clerical', 'Doctor', 'Home Maker', 'Student', 'Unknown']","['Lawyer', 'Manager', 'Professional']",0.8893521487907317
0,6,"['Blue Collar', 'Doctor', 'Home Maker', 'Professional', 'Student', 'Unknown']","['Clerical', 'Lawyer', 'Manager']",0.8546912488945403
0,6,"['Blue Collar', 'Clerical', 'Doctor', 'Professional', 'Student', 'Unknown']","['Home Maker', 'Lawyer', 'Manager']",0.8562250202016334
0,6,"['Blue Collar', 'Clerical', 'Doctor', 'Home Maker', 'Professional', 'Unknown']","['Lawyer', 'Manager', 'Student']",0.9239341967308881
0,6,"['Blue Collar', 'Clerical', 'Home Maker', 'Lawyer', 'Manager', 'Student']","['Doctor', 'Professional', 'Unknown']",0.9473548189291743
0,6,"['Blue Collar', 'Home Maker', 'Lawyer', 'Manager', 'Professional', 'Student']","['Clerical', 'Doctor', 'Unknown']",0.9482075455679518
0,6,"['Blue Collar', 'Doctor', 'Home Maker', 'Lawyer', 'Manager', 'Student']","['Clerical', 'Professional', 'Unknown']",0.9477915576567466
0,6,"['Blue Collar', 'Clerical', 'Lawyer', 'Manager', 'Professional', 'Student']","['Doctor', 'Home Maker', 'Unknown']",0.948997280728895
0,6,"['Blue Collar', 'Clerical', 'Doctor', 'Lawyer', 'Manager', 'Student']","['Home Maker', 'Professional', 'Unknown']",0.9488519807057196
0,6,"['Blue Collar', 'Doctor', 'Lawyer', 'Manager', 'Professional', 'Student']","['Clerical', 'Home Maker', 'Unknown']",0.9430686492900577
0,6,"['Blue Collar', 'Clerical', 'Home Maker', 'Lawyer', 'Manager', 'Professional']","['Doctor', 'Student', 'Unknown']",0.9261653573480072
0,6,"['Blue Collar', 'Clerical', 'Doctor', 'Home Maker', 'Lawyer', 'Manager']","['Professional', 'Student', 'Unknown']",0.9345857855327449
0,6,"['Blue Collar', 'Doctor', 'Home Maker', 'Lawyer', 'Manager', 'Professional']","['Clerical', 'Student', 'Unknown']",0.9459787894929149
0,6,"['Blue Collar', 'Clerical', 'Doctor', 'Lawyer', 'Manager', 'Professional']","['Home Maker', 'Student', 'Unknown']",0.9416871310368724
0,6,"['Blue Collar', 'Clerical', 'Home Maker', 'Manager', 'Professional', 'Student']","['Doctor', 'Lawyer', 'Unknown']",0.9454305394079608
0,6,"['Blue Collar', 'Clerical', 'Doctor', 'Home Maker', 'Manager', 'Student']","['Lawyer', 'Professional', 'Unknown']",0.9452652532260133
0,6,"['Blue Collar', 'Doctor', 'Home Maker', 'Manager', 'Professional', 'Student']","['Clerical', 'Lawyer', 'Unknown']",0.933443770970027
0,6,"['Blue Collar', 'Clerical', 'Doctor', 'Manager', 'Professional', 'Student']","['Home Maker', 'Lawyer', 'Unknown']",0.937046262528254
0,6,"['Blue Collar', 'Clerical', 'Doctor', 'Home Maker', 'Manager', 'Professional']","['Lawyer', 'Student', 'Unknown']",0.9479406062004715
0,6,"['Blue Collar', 'Clerical', 'Home Maker', 'Lawyer', 'Professional', 'Student']","['Doctor', 'Manager', 'Unknown']",0.947438698665157
0,6,"['Blue Collar', 'Clerical', 'Doctor', 'Home Maker', 'Lawyer', 'Student']","['Manager', 'Professional', 'Unknown']",0.9483567852705826
0,6,"['Blue Collar', 'Doctor', 'Home Maker', 'Lawyer', 'Professional', 'Student']","['Clerical', 'Manager', 'Unknown']",0.9476337750779519
0,6,"['Blue Collar', 'Clerical', 'Doctor', 'Lawyer', 'Professional', 'Student']","['Home Maker', 'Manager', 'Unknown']",0.9487936369727716
0,6,"['Blue Collar', 'Clerical', 'Doctor', 'Home Maker', 'Lawyer', 'Professional']","['Manager', 'Student', 'Unknown']",0.9345701652007384
0,6,"['Blue Collar', 'Clerical', 'Doctor', 'Home Maker', 'Professional', 'Student']","['Lawyer', 'Manager', 'Unknown']",0.9448974154991712
0,6,"['Clerical', 'Home Maker', 'Lawyer', 'Manager', 'Student', 'Unknown']","['Blue Collar', 'Doctor', 'Professional']",0.9013276147547389
0,6,"['Home Maker', 'Lawyer', 'Manager', 'Professional', 'Student', 'Unknown']","['Blue Collar', 'Clerical', 'Doctor']",0.9243757059939912
0,6,"['Doctor', 'Home Maker', 'Lawyer', 'Manager', 'Student', 'Unknown']","['Blue Collar', 'Clerical', 'Professional']",0.927610882733279
0,6,"['Clerical', 'Lawyer', 'Manager', 'Professional', 'Student', 'Unknown']","['Blue Collar', 'Doctor', 'Home Maker']",0.9143761995007659
0,6,"['Clerical', 'Doctor', 'Lawyer', 'Manager', 'Student', 'Unknown']","['Blue Collar', 'Home Maker', 'Professional']",0.9204529244896481
0,6,"['Doctor', 'Lawyer', 'Manager', 'Professional', 'Student', 'Unknown']","['Blue Collar', 'Clerical', 'Home Maker']",0.9370846942460213
0,6,"['Clerical', 'Home Maker', 'Lawyer', 'Manager', 'Professional', 'Unknown']","['Blue Collar', 'Doctor', 'Student']",0.8508900294307971
0,6,"['Clerical', 'Doctor', 'Home Maker', 'Lawyer', 'Manager', 'Unknown']","['Blue Collar', 'Professional', 'Student']",0.8634889587811558
0,6,"['Doctor', 'Home Maker', 'Lawyer', 'Manager', 'Professional', 'Unknown']","['Blue Collar', 'Clerical', 'Student']",0.8953617023769709
0,6,"['Clerical', 'Doctor', 'Lawyer', 'Manager', 'Professional', 'Unknown']","['Blue Collar', 'Home Maker', 'Student']",0.8824241535364942
0,6,"['Clerical', 'Home Maker', 'Manager', 'Professional', 'Student', 'Unknown']","['Blue Collar', 'Doctor', 'Lawyer']",0.9301082552959857
0,6,"['Clerical', 'Doctor', 'Home Maker', 'Manager', 'Student', 'Unknown']","['Blue Collar', 'Lawyer', 'Professional']",0.9337473472085458
0,6,"['Doctor', 'Home Maker', 'Manager', 'Professional', 'Student', 'Unknown']","['Blue Collar', 'Clerical', 'Lawyer']",0.9448826813192777
0,6,"['Clerical', 'Doctor', 'Manager', 'Professional', 'Student', 'Unknown']","['Blue Collar', 'Home Maker', 'Lawyer']",0.9413060032752577
0,6,"['Clerical', 'Doctor', 'Home Maker', 'Manager', 'Professional', 'Unknown']","['Blue Collar', 'Lawyer', 'Student']",0.904610828553296
0,6,"['Clerical', 'Home Maker', 'Lawyer', 'Professional', 'Student', 'Unknown']","['Blue Collar', 'Doctor', 'Manager']",0.9014546755992092
0,6,"['Clerical', 'Doctor', 'Home Maker', 'Lawyer', 'Student', 'Unknown']","['Blue Collar', 'Manager', 'Professional']",0.9074148369104238
0,6,"['Doctor', 'Home Maker', 'Lawyer', 'Professional', 'Student', 'Unknown']","['Blue Collar', 'Clerical', 'Manager']",0.9281726531803973
0,6,"['Clerical', 'Doctor', 'Lawyer', 'Professional', 'Student', 'Unknown']","['Blue Collar', 'Home Maker', 'Manager']",0.920848824492576
0,6,"['Clerical', 'Doctor', 'Home Maker', 'Lawyer', 'Professional', 'Unknown']","['Blue Collar', 'Manager', 'Student']",0.8641559705244111
0,6,"['Clerical', 'Doctor', 'Home Maker', 'Professional', 'Student', 'Unknown']","['Blue Collar', 'Lawyer', 'Manager']",0.934099901723388
0,6,"['Clerical', 'Home Maker', 'Lawyer', 'Manager', 'Professional', 'Student']","['Blue Collar', 'Doctor', 'Unknown']",0.7792070320652116
0,6,"['Clerical', 'Doctor', 'Home Maker', 'Lawyer', 'Manager', 'Student']","['Blue Collar', 'Professional', 'Unknown']",0.8023086146198041
0,6,"['Doctor', 'Home Maker', 'Lawyer', 'Manager', 'Professional', 'Student']","['Blue Collar', 'Clerical', 'Unknown']",0.8463606283542177
0,6,"['Clerical', 'Doctor', 'Lawyer', 'Manager', 'Professional', 'Student']","['Blue Collar', 'Home Maker', 'Unknown']",0.8261591529408906
0,6,"['Clerical', 'Doctor', 'Home Maker', 'Lawyer', 'Manager', 'Professional']","['Blue Collar', 'Student', 'Unknown']",0.7184955941364275
0,6,"['Clerical', 'Doctor', 'Home Maker', 'Manager', 'Professional', 'Student']","['Blue Collar', 'Lawyer', 'Unknown']",0.858386895366982
0,6,"['Clerical', 'Doctor', 'Home Maker', 'Lawyer', 'Professional', 'Student']","['Blue Collar', 'Manager', 'Unknown']",0.8027401930720651
0,7,"['Blue Collar', 'Clerical', 'Home Maker', 'Lawyer', 'Manager', 'Student', 'Unknown']","['Doctor', 'Professional']",0.934415035429515
0,7,"['Blue Collar', 'Home Maker', 'Lawyer', 'Manager', 'Professional', 'Student', 'Unknown']","['Clerical', 'Doctor']",0.9091038355303922
0,7,"['Blue Collar', 'Doctor', 'Home Maker', 'Lawyer', 'Manager', 'Student', 'Unknown']","['Clerical', 'Professional']",0.9182985574559631
0,7,"['Blue Collar', 'Clerical', 'Lawyer', 'Manager', 'Professional', 'Student', 'Unknown']","['Doctor', 'Home Maker']",0.8992650917148176
0,7,"['Blue Collar', 'Clerical', 'Doctor', 'Lawyer', 'Manager', 'Student', 'Unknown']","['Home Maker', 'Professional']",0.9211041524442775
0,7,"['Blue Collar', 'Doctor', 'Lawyer', 'Manager', 'Professional', 'Student', 'Unknown']","['Clerical', 'Home Maker']",0.8917594251446846
0,7,"['Blue Collar', 'Clerical', 'Home Maker', 'Lawyer', 'Manager', 'Professional', 'Unknown']","['Doctor', 'Student']",0.9489832368663098
0,7,"['Blue Collar', 'Clerical', 'Doctor', 'Home Maker', 'Lawyer', 'Manager', 'Unknown']","['Professional', 'Student']",0.9487986451490604
0,7,"['Blue Collar', 'Doctor', 'Home Maker', 'Lawyer', 'Manager', 'Professional', 'Unknown']","['Clerical', 'Student']",0.9419659164979097
0,7,"['Blue Collar', 'Clerical', 'Doctor', 'Lawyer', 'Manager', 'Professional', 'Unknown']","['Home Maker', 'Student']",0.9446342114591101
0,7,"['Blue Collar', 'Clerical', 'Home Maker', 'Manager', 'Professional', 'Student', 'Unknown']","['Doctor', 'Lawyer']",0.8547158657524186
0,7,"['Blue Collar', 'Clerical', 'Doctor', 'Home Maker', 'Manager', 'Student', 'Unknown']","['Lawyer', 'Professional']",0.9008573819650774
0,7,"['Blue Collar', 'Doctor', 'Home Maker', 'Manager', 'Professional', 'Student', 'Unknown']","['Clerical', 'Lawyer']",0.8641728604068012
0,7,"['Blue Collar', 'Clerical', 'Doctor', 'Manager', 'Professional', 'Student', 'Unknown']","['Home Maker', 'Lawyer']",0.8478139856158053
0,7,"['Blue Collar', 'Clerical', 'Doctor', 'Home Maker', 'Manager', 'Professional', 'Unknown']","['Lawyer', 'Student']",0.9338075438685968
0,7,"['Blue Collar', 'Clerical', 'Home Maker', 'Lawyer', 'Professional', 'Student', 'Unknown']","['Doctor', 'Manager']",0.9323396208389003
0,7,"['Blue Collar', 'Clerical', 'Doctor', 'Home Maker', 'Lawyer', 'Student', 'Unknown']","['Manager', 'Professional']",0.9360286500390741
0,7,"['Blue Collar', 'Doctor', 'Home Maker', 'Lawyer', 'Professional', 'Student', 'Unknown']","['Clerical', 'Manager']",0.9162982016942801
0,7,"['Blue Collar', 'Clerical', 'Doctor', 'Lawyer', 'Professional', 'Student', 'Unknown']","['Home Maker', 'Manager']",0.9183688409591548
0,7,"['Blue Collar', 'Clerical', 'Doctor', 'Home Maker', 'Lawyer', 'Professional', 'Unknown']","['Manager', 'Student']",0.9487201591528182
0,7,"['Blue Collar', 'Clerical', 'Doctor', 'Home Maker', 'Professional', 'Student', 'Unknown']","['Lawyer', 'Manager']",0.8966026962834667
0,7,"['Blue Collar', 'Clerical', 'Home Maker', 'Lawyer', 'Manager', 'Professional', 'Student']","['Doctor', 'Unknown']",0.9300972790630015
0,7,"['Blue Collar', 'Clerical', 'Doctor', 'Home Maker', 'Lawyer', 'Manager', 'Student']","['Professional', 'Unknown']",0.9407787778907631
0,7,"['Blue Collar', 'Doctor', 'Home Maker', 'Lawyer', 'Manager', 'Professional', 'Student']","['Clerical', 'Unknown']",0.9486871142223725
0,7,"['Blue Collar', 'Clerical', 'Doctor', 'Lawyer', 'Manager', 'Professional', 'Student']","['Home Maker', 'Unknown']",0.9463297906477866
0,7,"['Blue Collar', 'Clerical', 'Doctor', 'Home Maker', 'Lawyer', 'Manager', 'Professional']","['Student', 'Unknown']",0.9025323643258505
0,7,"['Blue Collar', 'Clerical', 'Doctor', 'Home Maker', 'Manager', 'Professional', 'Student']","['Lawyer', 'Unknown']",0.9488988860836446
0,7,"['Blue Collar', 'Clerical', 'Doctor', 'Home Maker', 'Lawyer', 'Professional', 'Student']","['Manager', 'Unknown']",0.9406704435922825
0,7,"['Clerical', 'Home Maker', 'Lawyer', 'Manager', 'Professional', 'Student', 'Unknown']","['Blue Collar', 'Doctor']",0.8601749392735226
0,7,"['Clerical', 'Doctor', 'Home Maker', 'Lawyer', 'Manager', 'Student', 'Unknown']","['Blue Collar', 'Professional']",0.8801776485381198
0,7,"['Doctor', 'Home Maker', 'Lawyer', 'Manager', 'Professional', 'Student', 'Unknown']","['Blue Collar', 'Clerical']",0.9093219770023472
0,7,"['Clerical', 'Doctor', 'Lawyer', 'Manager', 'Professional', 'Student', 'Unknown']","['Blue Collar', 'Home Maker']",0.8948136719666308
0,7,"['Clerical', 'Doctor', 'Home Maker', 'Lawyer', 'Manager', 'Professional', 'Unknown']","['Blue Collar', 'Student']",0.8170807676546282
0,7,"['Clerical', 'Doctor', 'Home Maker', 'Manager', 'Professional', 'Student', 'Unknown']","['Blue Collar', 'Lawyer']",0.9159202644039987
0,7,"['Clerical', 'Doctor', 'Home Maker', 'Lawyer', 'Professional', 'Student', 'Unknown']","['Blue Collar', 'Manager']",0.8798693979281667
0,7,"['Clerical', 'Doctor', 'Home Maker', 'Lawyer', 'Manager', 'Professional', 'Student']","['Blue Collar', 'Unknown']",0.7288813824130107
0,8,"['Blue Collar', 'Clerical', 'Home Maker', 'Lawyer', 'Manager', 'Professional', 'Student', 'Unknown']",['Doctor'],0.9285707586223271
0,8,"['Blue Collar', 'Clerical', 'Doctor', 'Home Maker', 'Lawyer', 'Manager', 'Student', 'Unknown']",['Professional'],0.9439129504706837
0,8,"['Blue Collar', 'Doctor', 'Home Maker', 'Lawyer', 'Manager', 'Professional', 'Student', 'Unknown']",['Clerical'],0.9248110379406366
0,8,"['Blue Collar', 'Clerical', 'Doctor', 'Lawyer', 'Manager', 'Professional', 'Student', 'Unknown']",['Home Maker'],0.9188989260140228
0,8,"['Blue Collar', 'Clerical', 'Doctor', 'Home Maker', 'Lawyer', 'Manager', 'Professional', 'Unknown']",['Student'],0.9450312757583309
0,8,"['Blue Collar', 'Clerical', 'Doctor', 'Home Maker', 'Manager', 'Professional', 'Student', 'Unknown']",['Lawyer'],0.8782023062380612
0,8,"['Blue Collar', 'Clerical', 'Doctor', 'Home Maker', 'Lawyer', 'Professional', 'Student', 'Unknown']",['Manager'],0.9428806736793743
0,8,"['Blue Collar', 'Clerical', 'Doctor', 'Home Maker', 'Lawyer', 'Manager', 'Professional', 'Student']",['Unknown'],0.8873520618933161
0,8,"['Clerical', 'Doctor', 'Home Maker', 'Lawyer', 'Manager', 'Professional', 'Student', 'Unknown']",['Blue Collar'],0.8197871867143817
